{
	"name": "Money Maker",
	"description": "A Maker which mixes sand and metaglass (not making money)",
	"health": 200,
	"size": 2,
	"type": "genericCrafter",
	"outpitItem": {"item": "Money", "amount": 1},
	"hasPower": true,
	"hasItem": true,
    "consumes": {
		"power": 1.0,
		"items": {
			"items": [
			{"item": "sand", "amount": 5},
			{"item": "metaglass", "amount": 2}
			]
		}
	},
	"requirements": [
	{"item": "copper", "amount": 20}
	{"item": "metaglass", "amount": 15}
	],
	"research": {
		"parent": "silicon-smelter",
		"requirements": [
	    {"item": "copper", "amount": 40}
	    {"item": "metaglass", "amount": 30}
	    ]
	}
}
	    